{"cameraMode":{"drawMode":0,"name":"Shaded","section":"Shading Mode"},"sceneLighting":true,"audioPlay":false,"sceneViewState":{"m_AlwaysRefresh":false,"showFog":true,"showSkybox":true,"showFlares":true,"showImageEffects":true,"showParticleSystems":true,"showVisualEffectGraphs":true,"m_FxEnabled":true},"in2DMode":false,"pivot":{"x":15.436421394348145,"y":3.3521883487701418,"z":-19.268566131591798},"rotation":{"x":-0.32119297981262209,"y":-0.6517839431762695,"z":0.34791848063468935,"w":-0.5907146334648132},"size":4.048681735992432,"orthographic":false}