{"cameraMode":{"drawMode":0,"name":"Shaded","section":"Shading Mode"},"sceneLighting":true,"audioPlay":false,"sceneViewState":{"m_AlwaysRefresh":false,"showFog":true,"showSkybox":true,"showFlares":true,"showImageEffects":true,"showParticleSystems":true,"showVisualEffectGraphs":true,"m_FxEnabled":true},"in2DMode":false,"pivot":{"x":2.0576722621917726,"y":1.2174972295761109,"z":0.6393125057220459},"rotation":{"x":0.4541623294353485,"y":0.036898691207170489,"z":-0.018970314413309099,"w":0.8900996446609497},"size":12.075301170349121,"orthographic":false}